{
  "module": "iteration_1_module_2",
  "dataset": "adult_census_income",
  "target": "income",
  "positive_class": ">50K",
  "split_sizes": {
    "train": 22792,
    "val": 4884,
    "test": 4885
  },
  "selection": {
    "module": "iteration_1_module_2",
    "dataset": "adult_census_income",
    "selected_source": "candidate",
    "selected_model_family": "tree_hgb_tuned",
    "selected_variant": "reference",
    "selected_scaler": "robust",
    "dropped_columns": [],
    "cv_mean_f1_weighted": 0.8694631650740684,
    "cv_std_f1_weighted": 0.002672679539190368,
    "threshold": 0.36000000000000004,
    "validation_f1_weighted_at_threshold": 0.8576448188988381,
    "validation_recall_positive_at_threshold": 0.7568027210884354,
    "validation_precision_positive_at_threshold": 0.6783536585365854,
    "rationale": "Selected highest weighted F1 among thresholds meeting recall_positive >= 0.75."
  },
  "baseline_validation_metrics": {
    "dummy_most_frequent": {
      "f1_weighted": 0.6552990268074067,
      "auc_pr": 0.24078624078624078,
      "roc_auc": 0.5,
      "recall_positive": 0.0,
      "calibration_error": 0.24078624078624078,
      "brier_score": 0.24078624078624078
    },
    "logistic_baseline": {
      "f1_weighted": 0.818042167595376,
      "auc_pr": 0.7592080930895047,
      "roc_auc": 0.9021444945292033,
      "recall_positive": 0.8469387755102041,
      "calibration_error": 0.12522924053375645,
      "brier_score": 0.12995274801846673
    }
  },
  "test_metrics": {
    "f1_weighted": 0.8622314815325313,
    "auc_pr": 0.8281674314433404,
    "roc_auc": 0.9258590063148473,
    "recall_positive": 0.7840136054421769,
    "calibration_error": 0.013923257840017543,
    "brier_score": 0.08896255720747469
  },
  "deployment_caution": "Predictions should be used as decision support only. Thresholds must be revisited when class prevalence or applicant mix shifts."
}