{
  "train_sizes": [
    3646,
    7293,
    10939,
    14586,
    18233
  ],
  "train_f1_mean": [
    0.9948958168407358,
    0.9653555061387822,
    0.8980917902131118,
    0.8948629284772414,
    0.8901879704115571
  ],
  "val_f1_mean": [
    0.8517366301578599,
    0.856636987224698,
    0.866913579695354,
    0.8687651735357379,
    0.8687950632048155
  ],
  "train_f1_std": [
    0.00033065721488094717,
    0.0018763094217462961,
    0.0031560498960383925,
    0.006308590486385864,
    0.005255716398583865
  ],
  "val_f1_std": [
    0.006020849314395992,
    0.006437218631891189,
    0.004581330210767264,
    0.004696391226392937,
    0.005117752291852856
  ]
}